cohort_year,period,report_date,plan_opening_value_usd,cash_only_opening_value_usd,contributions_usd,plan_closing_value_usd,cash_only_closing_value_usd,plan_gain_usd,cash_only_gain_usd,gain_advantage_usd
2026,since_start,2026-09-29,0,0,15000,16402.5302576445,15183.7748140681,1402.53025764447,183.774814068096,1218.75544357638
2026,ytd,2026-09-29,0,0,15000,16402.5302576445,15183.7748140681,1402.53025764447,183.774814068096,1218.75544357638
2025,since_start,2026-09-29,0,0,35000,35171.5867328144,35959.0562392381,171.586732814394,959.056239238089,-787.469506423695
2025,ytd,2026-09-29,18918.224904045,20322.9661196351,15000,35171.5867328144,35959.0562392381,1253.36182876942,636.090119602974,617.271709166445
2024,since_start,2026-09-29,0,0,55000,59677.3032650717,57357.4553447299,4677.30326507175,2357.45534472993,2319.84792034182
2024,ytd,2026-09-29,43809.2667677722,41255.4835250778,15000,59677.3032650717,57357.4553447299,868.036497299589,1101.97181965214,-233.935322352547
2023,since_start,2026-09-29,0,0,75000,101933.367665955,79398.8432688501,26933.3676659551,4398.84326885015,22534.524397105
2023,ytd,2026-09-29,87224.1341124599,62816.9907241536,15000,101933.367665955,79398.8432688501,-290.766446504756,1581.85254469651,-1872.61899120126
2022,since_start,2026-09-29,0,0,95000,144979.220764669,102101.013518066,49979.2207646688,7101.01351806561,42878.2072466032
2022,ytd,2026-09-29,131442.169110188,85024.8938266369,15000,144979.220764669,102101.013518066,-1462.94834551895,2076.11969142873,-3539.06803694768
