cohort_year,date,btc_contribution_usd,cash_contribution_usd,total_contribution_usd,purchase_price_usd,btc_bought
2026,2026-01-01,833.333333333333,833.333333333333,1666.66666666667,88448.95,0.00942163059406961
2026,2026-02-01,833.333333333333,833.333333333333,1666.66666666667,76840.37,0.0108449937621765
2026,2026-03-01,833.333333333333,833.333333333333,1666.66666666667,65676.54,0.0126884475542307
2026,2026-04-01,833.333333333333,833.333333333333,1666.66666666667,68256.91,0.0122087761273303
2026,2026-05-01,833.333333333333,833.333333333333,1666.66666666667,78106.54,0.0106691876676823
2026,2026-06-01,833.333333333333,833.333333333333,1666.66666666667,71338.33,0.0116814247450611
2026,2026-07-01,833.333333333333,833.333333333333,1666.66666666667,60246.33,0.0138321011974229
2026,2026-08-01,833.333333333333,833.333333333333,1666.66666666667,62583.8,0.0133154799378327
2026,2026-09-01,833.333333333333,833.333333333333,1666.66666666667,77225.02,0.0107909759470873
2025,2025-01-01,833.333333333333,833.333333333333,1666.66666666667,94460.79,0.00882200258258833
2025,2025-02-01,833.333333333333,833.333333333333,1666.66666666667,100487.62,0.00829289551621716
2025,2025-03-01,833.333333333333,833.333333333333,1666.66666666667,85966.82,0.00969366243084638
2025,2025-04-01,833.333333333333,833.333333333333,1666.66666666667,85128.69,0.00978910086991041
2025,2025-05-01,833.333333333333,833.333333333333,1666.66666666667,96566.68,0.00862961565348766
2025,2025-06-01,833.333333333333,833.333333333333,1666.66666666667,105821.35,0.00787490741077612
2025,2025-07-01,833.333333333333,833.333333333333,1666.66666666667,105794.69,0.0078768918679504
2025,2025-08-01,833.333333333333,833.333333333333,1666.66666666667,113478.76,0.00734351814677331
2025,2025-09-01,833.333333333333,833.333333333333,1666.66666666667,108596.61,0.0076736588124927
2025,2025-10-01,833.333333333333,833.333333333333,1666.66666666667,117739.73,0.00707775814785148
2025,2025-11-01,833.333333333333,833.333333333333,1666.66666666667,109769.88,0.00759163928514209
2025,2025-12-01,833.333333333333,833.333333333333,1666.66666666667,86355.57,0.00965002411927028
2025,2026-01-01,833.333333333333,833.333333333333,1666.66666666667,88448.95,0.00942163059406961
2025,2026-02-01,833.333333333333,833.333333333333,1666.66666666667,76840.37,0.0108449937621765
2025,2026-03-01,833.333333333333,833.333333333333,1666.66666666667,65676.54,0.0126884475542307
2025,2026-04-01,833.333333333333,833.333333333333,1666.66666666667,68256.91,0.0122087761273303
2025,2026-05-01,833.333333333333,833.333333333333,1666.66666666667,78106.54,0.0106691876676823
2025,2026-06-01,833.333333333333,833.333333333333,1666.66666666667,71338.33,0.0116814247450611
2025,2026-07-01,833.333333333333,833.333333333333,1666.66666666667,60246.33,0.0138321011974229
2025,2026-08-01,833.333333333333,833.333333333333,1666.66666666667,62583.8,0.0133154799378327
2025,2026-09-01,833.333333333333,833.333333333333,1666.66666666667,77225.02,0.0107909759470873
2024,2024-01-01,833.333333333333,833.333333333333,1666.66666666667,43739.99,0.0190519781402175
2024,2024-02-01,833.333333333333,833.333333333333,1666.66666666667,42982.64,0.0193876721702839
2024,2024-03-01,833.333333333333,833.333333333333,1666.66666666667,62396.95,0.0133553536404157
2024,2024-04-01,833.333333333333,833.333333333333,1666.66666666667,69939.43,0.0119150718462151
2024,2024-05-01,833.333333333333,833.333333333333,1666.66666666667,57720.92,0.0144372843214095
2024,2024-06-01,833.333333333333,833.333333333333,1666.66666666667,67605.06,0.0123264935100026
2024,2024-07-01,833.333333333333,833.333333333333,1666.66666666667,63063.53,0.0132141878726632
2024,2024-08-01,833.333333333333,833.333333333333,1666.66666666667,65104.83,0.0127998695846888
2024,2024-09-01,833.333333333333,833.333333333333,1666.66666666667,57501.2,0.0144924511720335
2024,2024-10-01,833.333333333333,833.333333333333,1666.66666666667,60913.79,0.0136805365966119
2024,2024-11-01,833.333333333333,833.333333333333,1666.66666666667,69251.79,0.0120333833007542
2024,2024-12-01,833.333333333333,833.333333333333,1666.66666666667,97426.41,0.00855346443878342
2024,2025-01-01,833.333333333333,833.333333333333,1666.66666666667,94460.79,0.00882200258258833
2024,2025-02-01,833.333333333333,833.333333333333,1666.66666666667,100487.62,0.00829289551621716
2024,2025-03-01,833.333333333333,833.333333333333,1666.66666666667,85966.82,0.00969366243084638
2024,2025-04-01,833.333333333333,833.333333333333,1666.66666666667,85128.69,0.00978910086991041
2024,2025-05-01,833.333333333333,833.333333333333,1666.66666666667,96566.68,0.00862961565348766
2024,2025-06-01,833.333333333333,833.333333333333,1666.66666666667,105821.35,0.00787490741077612
2024,2025-07-01,833.333333333333,833.333333333333,1666.66666666667,105794.69,0.0078768918679504
2024,2025-08-01,833.333333333333,833.333333333333,1666.66666666667,113478.76,0.00734351814677331
2024,2025-09-01,833.333333333333,833.333333333333,1666.66666666667,108596.61,0.0076736588124927
2024,2025-10-01,833.333333333333,833.333333333333,1666.66666666667,117739.73,0.00707775814785148
2024,2025-11-01,833.333333333333,833.333333333333,1666.66666666667,109769.88,0.00759163928514209
2024,2025-12-01,833.333333333333,833.333333333333,1666.66666666667,86355.57,0.00965002411927028
2024,2026-01-01,833.333333333333,833.333333333333,1666.66666666667,88448.95,0.00942163059406961
2024,2026-02-01,833.333333333333,833.333333333333,1666.66666666667,76840.37,0.0108449937621765
2024,2026-03-01,833.333333333333,833.333333333333,1666.66666666667,65676.54,0.0126884475542307
2024,2026-04-01,833.333333333333,833.333333333333,1666.66666666667,68256.91,0.0122087761273303
2024,2026-05-01,833.333333333333,833.333333333333,1666.66666666667,78106.54,0.0106691876676823
2024,2026-06-01,833.333333333333,833.333333333333,1666.66666666667,71338.33,0.0116814247450611
2024,2026-07-01,833.333333333333,833.333333333333,1666.66666666667,60246.33,0.0138321011974229
2024,2026-08-01,833.333333333333,833.333333333333,1666.66666666667,62583.8,0.0133154799378327
2024,2026-09-01,833.333333333333,833.333333333333,1666.66666666667,77225.02,0.0107909759470873
2023,2023-01-01,833.333333333333,833.333333333333,1666.66666666667,16595.17,0.0502154140833347
2023,2023-02-01,833.333333333333,833.333333333333,1666.66666666667,23709.87,0.0351471068096676
2023,2023-03-01,833.333333333333,833.333333333333,1666.66666666667,23500.37,0.0354604345945759
2023,2023-04-01,833.333333333333,833.333333333333,1666.66666666667,28503.61,0.029236062847244
2023,2023-05-01,833.333333333333,833.333333333333,1666.66666666667,28152.76,0.0296004133638525
2023,2023-06-01,833.333333333333,833.333333333333,1666.66666666667,26877.81,0.0310045101640846
2023,2023-07-01,833.333333333333,833.333333333333,1666.66666666667,30551.17,0.0272766422147935
2023,2023-08-01,833.333333333333,833.333333333333,1666.66666666667,29263.66,0.0284767296139079
2023,2023-09-01,833.333333333333,833.333333333333,1666.66666666667,25727.98,0.0323901578488997
2023,2023-10-01,833.333333333333,833.333333333333,1666.66666666667,27868.77,0.0299020492592007
2023,2023-11-01,833.333333333333,833.333333333333,1666.66666666667,35329.73,0.0235873111210681
2023,2023-12-01,833.333333333333,833.333333333333,1666.66666666667,38663.01,0.0215537624549494
2023,2024-01-01,833.333333333333,833.333333333333,1666.66666666667,43739.99,0.0190519781402175
2023,2024-02-01,833.333333333333,833.333333333333,1666.66666666667,42982.64,0.0193876721702839
2023,2024-03-01,833.333333333333,833.333333333333,1666.66666666667,62396.95,0.0133553536404157
2023,2024-04-01,833.333333333333,833.333333333333,1666.66666666667,69939.43,0.0119150718462151
2023,2024-05-01,833.333333333333,833.333333333333,1666.66666666667,57720.92,0.0144372843214095
2023,2024-06-01,833.333333333333,833.333333333333,1666.66666666667,67605.06,0.0123264935100026
2023,2024-07-01,833.333333333333,833.333333333333,1666.66666666667,63063.53,0.0132141878726632
2023,2024-08-01,833.333333333333,833.333333333333,1666.66666666667,65104.83,0.0127998695846888
2023,2024-09-01,833.333333333333,833.333333333333,1666.66666666667,57501.2,0.0144924511720335
2023,2024-10-01,833.333333333333,833.333333333333,1666.66666666667,60913.79,0.0136805365966119
2023,2024-11-01,833.333333333333,833.333333333333,1666.66666666667,69251.79,0.0120333833007542
2023,2024-12-01,833.333333333333,833.333333333333,1666.66666666667,97426.41,0.00855346443878342
2023,2025-01-01,833.333333333333,833.333333333333,1666.66666666667,94460.79,0.00882200258258833
2023,2025-02-01,833.333333333333,833.333333333333,1666.66666666667,100487.62,0.00829289551621716
2023,2025-03-01,833.333333333333,833.333333333333,1666.66666666667,85966.82,0.00969366243084638
2023,2025-04-01,833.333333333333,833.333333333333,1666.66666666667,85128.69,0.00978910086991041
2023,2025-05-01,833.333333333333,833.333333333333,1666.66666666667,96566.68,0.00862961565348766
2023,2025-06-01,833.333333333333,833.333333333333,1666.66666666667,105821.35,0.00787490741077612
2023,2025-07-01,833.333333333333,833.333333333333,1666.66666666667,105794.69,0.0078768918679504
2023,2025-08-01,833.333333333333,833.333333333333,1666.66666666667,113478.76,0.00734351814677331
2023,2025-09-01,833.333333333333,833.333333333333,1666.66666666667,108596.61,0.0076736588124927
2023,2025-10-01,833.333333333333,833.333333333333,1666.66666666667,117739.73,0.00707775814785148
2023,2025-11-01,833.333333333333,833.333333333333,1666.66666666667,109769.88,0.00759163928514209
2023,2025-12-01,833.333333333333,833.333333333333,1666.66666666667,86355.57,0.00965002411927028
2023,2026-01-01,833.333333333333,833.333333333333,1666.66666666667,88448.95,0.00942163059406961
2023,2026-02-01,833.333333333333,833.333333333333,1666.66666666667,76840.37,0.0108449937621765
2023,2026-03-01,833.333333333333,833.333333333333,1666.66666666667,65676.54,0.0126884475542307
2023,2026-04-01,833.333333333333,833.333333333333,1666.66666666667,68256.91,0.0122087761273303
2023,2026-05-01,833.333333333333,833.333333333333,1666.66666666667,78106.54,0.0106691876676823
2023,2026-06-01,833.333333333333,833.333333333333,1666.66666666667,71338.33,0.0116814247450611
2023,2026-07-01,833.333333333333,833.333333333333,1666.66666666667,60246.33,0.0138321011974229
2023,2026-08-01,833.333333333333,833.333333333333,1666.66666666667,62583.8,0.0133154799378327
2023,2026-09-01,833.333333333333,833.333333333333,1666.66666666667,77225.02,0.0107909759470873
2022,2022-01-01,833.333333333333,833.333333333333,1666.66666666667,47332.22,0.0176060479169017
2022,2022-02-01,833.333333333333,833.333333333333,1666.66666666667,38755.32,0.0215024242693218
2022,2022-03-01,833.333333333333,833.333333333333,1666.66666666667,43883.87,0.0189895133071293
2022,2022-04-01,833.333333333333,833.333333333333,1666.66666666667,46231.75,0.0180251306371343
2022,2022-05-01,833.333333333333,833.333333333333,1666.66666666667,38446.55,0.0216751134583814
2022,2022-06-01,833.333333333333,833.333333333333,1666.66666666667,29822.29,0.0279433045997921
2022,2022-07-01,833.333333333333,833.333333333333,1666.66666666667,19309.6,0.0431564265097844
2022,2022-08-01,833.333333333333,833.333333333333,1666.66666666667,23273.51,0.0358060874072425
2022,2022-09-01,833.333333333333,833.333333333333,1666.66666666667,20056.83,0.0415486063018599
2022,2022-10-01,833.333333333333,833.333333333333,1666.66666666667,19282.25,0.0432176397118248
2022,2022-11-01,833.333333333333,833.333333333333,1666.66666666667,20433.75,0.040782202646765
2022,2022-12-01,833.333333333333,833.333333333333,1666.66666666667,16973.36,0.0490965450172113
2022,2023-01-01,833.333333333333,833.333333333333,1666.66666666667,16595.17,0.0502154140833347
2022,2023-02-01,833.333333333333,833.333333333333,1666.66666666667,23709.87,0.0351471068096676
2022,2023-03-01,833.333333333333,833.333333333333,1666.66666666667,23500.37,0.0354604345945759
2022,2023-04-01,833.333333333333,833.333333333333,1666.66666666667,28503.61,0.029236062847244
2022,2023-05-01,833.333333333333,833.333333333333,1666.66666666667,28152.76,0.0296004133638525
2022,2023-06-01,833.333333333333,833.333333333333,1666.66666666667,26877.81,0.0310045101640846
2022,2023-07-01,833.333333333333,833.333333333333,1666.66666666667,30551.17,0.0272766422147935
2022,2023-08-01,833.333333333333,833.333333333333,1666.66666666667,29263.66,0.0284767296139079
2022,2023-09-01,833.333333333333,833.333333333333,1666.66666666667,25727.98,0.0323901578488997
2022,2023-10-01,833.333333333333,833.333333333333,1666.66666666667,27868.77,0.0299020492592007
2022,2023-11-01,833.333333333333,833.333333333333,1666.66666666667,35329.73,0.0235873111210681
2022,2023-12-01,833.333333333333,833.333333333333,1666.66666666667,38663.01,0.0215537624549494
2022,2024-01-01,833.333333333333,833.333333333333,1666.66666666667,43739.99,0.0190519781402175
2022,2024-02-01,833.333333333333,833.333333333333,1666.66666666667,42982.64,0.0193876721702839
2022,2024-03-01,833.333333333333,833.333333333333,1666.66666666667,62396.95,0.0133553536404157
2022,2024-04-01,833.333333333333,833.333333333333,1666.66666666667,69939.43,0.0119150718462151
2022,2024-05-01,833.333333333333,833.333333333333,1666.66666666667,57720.92,0.0144372843214095
2022,2024-06-01,833.333333333333,833.333333333333,1666.66666666667,67605.06,0.0123264935100026
2022,2024-07-01,833.333333333333,833.333333333333,1666.66666666667,63063.53,0.0132141878726632
2022,2024-08-01,833.333333333333,833.333333333333,1666.66666666667,65104.83,0.0127998695846888
2022,2024-09-01,833.333333333333,833.333333333333,1666.66666666667,57501.2,0.0144924511720335
2022,2024-10-01,833.333333333333,833.333333333333,1666.66666666667,60913.79,0.0136805365966119
2022,2024-11-01,833.333333333333,833.333333333333,1666.66666666667,69251.79,0.0120333833007542
2022,2024-12-01,833.333333333333,833.333333333333,1666.66666666667,97426.41,0.00855346443878342
2022,2025-01-01,833.333333333333,833.333333333333,1666.66666666667,94460.79,0.00882200258258833
2022,2025-02-01,833.333333333333,833.333333333333,1666.66666666667,100487.62,0.00829289551621716
2022,2025-03-01,833.333333333333,833.333333333333,1666.66666666667,85966.82,0.00969366243084638
2022,2025-04-01,833.333333333333,833.333333333333,1666.66666666667,85128.69,0.00978910086991041
2022,2025-05-01,833.333333333333,833.333333333333,1666.66666666667,96566.68,0.00862961565348766
2022,2025-06-01,833.333333333333,833.333333333333,1666.66666666667,105821.35,0.00787490741077612
2022,2025-07-01,833.333333333333,833.333333333333,1666.66666666667,105794.69,0.0078768918679504
2022,2025-08-01,833.333333333333,833.333333333333,1666.66666666667,113478.76,0.00734351814677331
2022,2025-09-01,833.333333333333,833.333333333333,1666.66666666667,108596.61,0.0076736588124927
2022,2025-10-01,833.333333333333,833.333333333333,1666.66666666667,117739.73,0.00707775814785148
2022,2025-11-01,833.333333333333,833.333333333333,1666.66666666667,109769.88,0.00759163928514209
2022,2025-12-01,833.333333333333,833.333333333333,1666.66666666667,86355.57,0.00965002411927028
2022,2026-01-01,833.333333333333,833.333333333333,1666.66666666667,88448.95,0.00942163059406961
2022,2026-02-01,833.333333333333,833.333333333333,1666.66666666667,76840.37,0.0108449937621765
2022,2026-03-01,833.333333333333,833.333333333333,1666.66666666667,65676.54,0.0126884475542307
2022,2026-04-01,833.333333333333,833.333333333333,1666.66666666667,68256.91,0.0122087761273303
2022,2026-05-01,833.333333333333,833.333333333333,1666.66666666667,78106.54,0.0106691876676823
2022,2026-06-01,833.333333333333,833.333333333333,1666.66666666667,71338.33,0.0116814247450611
2022,2026-07-01,833.333333333333,833.333333333333,1666.66666666667,60246.33,0.0138321011974229
2022,2026-08-01,833.333333333333,833.333333333333,1666.66666666667,62583.8,0.0133154799378327
2022,2026-09-01,833.333333333333,833.333333333333,1666.66666666667,77225.02,0.0107909759470873
