column,upstream_series,source
price,price_close,Bitcoin Report Library
supply,supply,Bitcoin Report Library
realized_cap,realized_cap,Bitcoin Report Library
realized_price,realized_price,Bitcoin Report Library
mvrv,mvrv,Bitcoin Report Library
supply_in_profit,supply_in_profit,Bitcoin Report Library
lth_supply,lth_supply,Bitcoin Report Library
sth_supply,sth_supply,Bitcoin Report Library
lth_realized_price,lth_realized_price,Bitcoin Report Library
sth_realized_price,sth_realized_price,Bitcoin Report Library
hash_rate,hash_rate,Bitcoin Report Library
difficulty,difficulty,Bitcoin Report Library
non_zero_addr_count,addr_count,Bitcoin Report Library
addr_count_over_0p001_btc,addrs_over_100k_sats_addr_count,Bitcoin Report Library
addr_count_over_0p01_btc,addrs_over_1m_sats_addr_count,Bitcoin Report Library
addr_count_over_0p1_btc,addrs_over_10m_sats_addr_count,Bitcoin Report Library
utxos_over_1y_old_supply,utxos_over_1y_old_supply,Bitcoin Report Library
cm_efficiency_j_gh,cm_efficiency_j_gh,Bitcoin Report Library
utxos_over_2y_old_supply,supply - utxos_under_2y_old_supply,derived
utxos_over_3y_old_supply,supply - utxos_under_3y_old_supply,derived
utxos_over_4y_old_supply,supply - utxos_under_4y_old_supply,derived
utxos_over_5y_old_supply,supply - utxos_under_5y_old_supply,derived
utxos_over_10y_old_supply,supply - utxos_under_10y_old_supply,derived
subsidy_cumulative,subsidy_cumulative,Bitcoin Report Library
fees_cumulative,fees_cumulative,Bitcoin Report Library
coindays_destroyed_cumulative,coindays_destroyed_cumulative,Bitcoin Report Library
lth_realized_profit_cumulative,lth_realized_profit_cumulative,Bitcoin Report Library
lth_realized_loss_cumulative,lth_realized_loss_cumulative,Bitcoin Report Library
sth_realized_profit_cumulative,sth_realized_profit_cumulative,Bitcoin Report Library
sth_realized_loss_cumulative,sth_realized_loss_cumulative,Bitcoin Report Library
utxos_over_1y_old_transfer_volume_cumulative,utxos_over_1y_old_transfer_volume_cumulative,Bitcoin Report Library
utxos_over_2y_old_transfer_volume_cumulative,utxos_over_2y_old_transfer_volume_cumulative,Bitcoin Report Library
utxos_over_3y_old_transfer_volume_cumulative,utxos_over_3y_old_transfer_volume_cumulative,Bitcoin Report Library
utxos_over_4y_old_transfer_volume_cumulative,utxos_over_4y_old_transfer_volume_cumulative,Bitcoin Report Library
utxos_over_5y_old_transfer_volume_cumulative,utxos_over_5y_old_transfer_volume_cumulative,Bitcoin Report Library
utxos_over_10y_old_transfer_volume_cumulative,utxos_over_10y_old_transfer_volume_cumulative,Bitcoin Report Library
subsidy_daily,daily difference of subsidy_cumulative,derived
fees_daily,daily difference of fees_cumulative,derived
coindays_destroyed_daily,daily difference of coindays_destroyed_cumulative,derived
lth_realized_profit_daily,daily difference of lth_realized_profit_cumulative,derived
lth_realized_loss_daily,daily difference of lth_realized_loss_cumulative,derived
sth_realized_profit_daily,daily difference of sth_realized_profit_cumulative,derived
sth_realized_loss_daily,daily difference of sth_realized_loss_cumulative,derived
utxos_over_1y_old_transfer_volume_daily,daily difference of utxos_over_1y_old_transfer_volume_cumulative,derived
utxos_over_2y_old_transfer_volume_daily,daily difference of utxos_over_2y_old_transfer_volume_cumulative,derived
utxos_over_3y_old_transfer_volume_daily,daily difference of utxos_over_3y_old_transfer_volume_cumulative,derived
utxos_over_4y_old_transfer_volume_daily,daily difference of utxos_over_4y_old_transfer_volume_cumulative,derived
utxos_over_5y_old_transfer_volume_daily,daily difference of utxos_over_5y_old_transfer_volume_cumulative,derived
utxos_over_10y_old_transfer_volume_daily,daily difference of utxos_over_10y_old_transfer_volume_cumulative,derived
market_cap_usd,price x supply,derived
days_since_genesis,date - 2009-01-03,derived
