fund,quarter_end,trade_date,btc,reported_btc,coin_source,price_usd,price_source,fair_value_usd,cost_usd,cost_per_btc,unrealized_gain_usd,btc_daily_table,daily_vs_sec_pct,funds_with_cost
GBTC,2017-12-31,2024-01-10,175839.0865,175839.0865,tagged,14168.54,fair value / reported coins,2491383131,,,,,,
GBTC,2018-12-31,2024-01-10,204277.3517,204277.3517,tagged,3679.419152,fair value / reported coins,751622000,,,,,,
ALL,2019-12-31,2024-01-10,261192.1402,,,,,1866218000,839093484.0,3212.55258,1027124516.0,,,1.0
GBTC,2019-12-31,2024-01-10,261192.1402,261192.1402,tagged,7145.000605,fair value / reported coins,1866218000,839093484.0,3212.55258,1027124516.0,,,
ALL,2020-03-31,2024-01-10,304631.3105,,,,,1972244030,1223309388.0,4015.704709,748934642.0,,,1.0
GBTC,2020-03-31,2024-01-10,304631.3105,304631.3105,tagged,6474.199999,fair value / reported coins,1972244030,1223309388.0,4015.704709,748934642.0,,,
ALL,2020-06-30,2024-01-10,386723.1918,,,,,3532364439,1972997225.0,5101.833215,1559367214.0,,,1.0
GBTC,2020-06-30,2024-01-10,386723.1918,386723.1918,tagged,9134.09,fair value / reported coins,3532364439,1972997225.0,5101.833215,1559367214.0,,,
ALL,2020-09-30,2024-01-10,449791.0246,,,,,4816618672,2685503451.0,5970.558113,2131115221.0,,,1.0
GBTC,2020-09-30,2024-01-10,449791.0246,449791.0246,tagged,10708.57,fair value / reported coins,4816618672,2685503451.0,5970.558113,2131115221.0,,,
ALL,2020-12-31,2024-01-10,607039.4852,,,,,17716478000,5543305000.0,9131.704173,12173173000.0,,,1.0
GBTC,2020-12-31,2024-01-10,607039.4852,607039.4852,tagged,29185.05045,fair value / reported coins,17716478000,5543305000.0,9131.704173,12173173000.0,,,
ALL,2021-03-31,2024-01-10,654600.1277,,,,,38360399000,7414166000.0,11326.25199,30946233000.0,,,1.0
GBTC,2021-03-31,2024-01-10,654600.1277,654600.1277,tagged,58601.27027,fair value / reported coins,38360399000,7414166000.0,11326.25199,30946233000.0,,,
ALL,2021-06-30,2024-01-10,651344.1294,,,,,22643855000,7377287000.0,11326.25085,15266568000.0,,,1.0
GBTC,2021-06-30,2024-01-10,651344.1294,651344.1294,tagged,34764.81015,fair value / reported coins,22643855000,7377287000.0,11326.25085,15266568000.0,,,
ALL,2021-09-30,2024-01-10,648068.814,,,,,28209892000,7340191000.0,11326.25246,20869701000.0,,,1.0
GBTC,2021-09-30,2024-01-10,648068.814,648068.814,tagged,43529.1614,fair value / reported coins,28209892000,7340191000.0,11326.25246,20869701000.0,,,
ALL,2021-12-31,2024-01-10,644809.9686,,,,,29576053000,7303280000.0,11326.25169,22272773000.0,,,1.0
GBTC,2021-12-31,2024-01-10,644809.9686,644809.9686,tagged,45867.85943,fair value / reported coins,29576053000,7303280000.0,11326.25169,22272773000.0,,,
ALL,2022-03-31,2024-01-10,641637.8251,,,,,29255830000,7267351000.0,11326.25091,21988479000.0,,,1.0
GBTC,2022-03-31,2024-01-10,641637.8251,641637.8251,tagged,45595.55072,fair value / reported coins,29255830000,7267351000.0,11326.25091,21988479000.0,,,
ALL,2022-06-30,2024-01-10,638446.3017,,,,,12063449000,7231203000.0,11326.2509,4832246000.0,,,1.0
GBTC,2022-06-30,2024-01-10,638446.3017,638446.3017,tagged,18895.0096,fair value / reported coins,12063449000,7231203000.0,11326.2509,4832246000.0,,,
ALL,2022-09-30,2024-01-10,635235.8436,,,,,12374718000,7194841000.0,11326.25162,5179877000.0,,,1.0
GBTC,2022-09-30,2024-01-10,635235.8436,635235.8436,tagged,19480.50968,fair value / reported coins,12374718000,7194841000.0,11326.25162,5179877000.0,,,
ALL,2022-12-31,2024-01-10,632041.5295,,,,,10464263000,7158661000.0,11326.25099,3305602000.0,,,1.0
GBTC,2022-12-31,2024-01-10,632041.5295,632041.5295,tagged,16556.29023,fair value / reported coins,10464263000,7158661000.0,11326.25099,3305602000.0,,,
ALL,2023-03-31,2024-01-10,628932.2003,,,,,17904310000,7123444000.0,11326.25106,10780866000.0,,,1.0
GBTC,2023-03-31,2024-01-10,628932.2003,628932.2003,tagged,28467.79032,fair value / reported coins,17904310000,7123444000.0,11326.25106,10780866000.0,,,
ALL,2023-06-30,2024-01-10,625803.8749,,,,,19000620000,7088012000.0,11326.25138,11912608000.0,,,1.0
GBTC,2023-06-30,2024-01-10,625803.8749,625803.8749,tagged,30361.94047,fair value / reported coins,19000620000,7088012000.0,11326.25138,11912608000.0,,,
ALL,2023-09-30,2024-01-10,622656.9899,,,,,16830711000,7052369000.0,11326.25043,9778342000.0,,,1.0
GBTC,2023-09-30,2024-01-10,622656.9899,622656.9899,tagged,27030.46986,fair value / reported coins,16830711000,7052369000.0,11326.25043,9778342000.0,,,
ALL,2023-12-31,2024-01-10,619525.9292,,,,,26350470000,7016906000.0,11326.25072,19333564000.0,,,1.0
GBTC,2023-12-31,2024-01-10,619525.9292,619525.9292,tagged,42533.2803,fair value / reported coins,26350470000,7016906000.0,11326.25072,19333564000.0,,,
EZBC,2024-01-10,2024-01-10,58.0,58.0,filing text,45838.34,VanEck 4pm index (fallback),2665457,,,,,,
ALL,2024-03-31,2024-03-28,835243.9061,,,,,59194650729,31026737944.0,37146.91926,28167912785.0,,,9.0
ARKB,2024-03-31,2024-03-28,44667.3162,44667.3162,tagged,70893.97342,fair value / reported coins,3160732000,2315409000.0,51836.76113,845323000.0,44667.3162,0.0,
BITB,2024-03-31,2024-03-28,31682.4133,31682.4133,filing text,70893.97342,fair value / reported coins,2244413000,1619431000.0,51114.50901,624982000.0,31682.4133,0.0,
BRRR,2024-03-31,2024-03-28,7676.514017,,fair value / price,70761.62772,fair value / issuer-history coins,543202627,452528788.0,58949.77682,90673839.0,7676.514017,4.536815368e-09,
BTCO,2024-03-31,2024-03-28,5911.621051,,fair value / price,70761.62772,fair value / issuer-history coins,418315928,269525075.0,45592.41411,148790853.0,5911.621051,1.588973397e-09,
BTCW,2024-03-31,2024-03-28,1147.085551,1147.085551,filing text,70893.97342,fair value / reported coins,80980787,,,,1147.085551,0.0,
EZBC,2024-03-31,2024-03-28,4831.730657,,fair value / price,70761.62772,fair value / issuer-history coins,341901126,280623942.0,58079.38437,61277184.0,4844.297534,0.260090593,
FBTC,2024-03-31,2024-03-28,144367.8068,,fair value / price,70761.62772,fair value / issuer-history coins,10215701000,7587410000.0,52556.10768,2628291000.0,144367.8068,-1.075559641e-08,
GBTC,2024-03-31,2024-03-28,335932.8105,335932.8105,tagged,70893.97342,fair value / reported coins,23860071000,4001652000.0,11912.06061,19858419000.0,335932.8105,0.0,
HODL,2024-03-31,2024-03-28,8748.627229,,fair value / price,70761.62772,fair value / issuer-history coins,619067103,515657187.0,58941.49716,103409916.0,8712.426325,-0.4137895407,
IBIT,2024-03-31,2024-03-28,251425.0664,,fair value / price,70761.62772,fair value / issuer-history coins,17791246945,13984500952.0,55620.94963,3806745993.0,252033.3136,0.2419198842,
ALL,2024-06-30,2024-06-28,874791.5619,,,,,54182803533,36629631920.0,41872.41112,17553171613.0,,,9.0
ARKB,2024-06-30,2024-06-28,46025.7971,46025.7971,tagged,61929.29084,fair value / reported coins,2850345000,2548333000.0,55367.49303,302012000.0,46025.7971,0.0,
BITB,2024-06-30,2024-06-28,36207.6919,36207.6919,filing text,61929.29084,fair value / reported coins,2249899000,1999478000.0,55222.46504,250421000.0,36207.6919,0.0,
BRRR,2024-06-30,2024-06-28,8371.235362,,fair value / price,61929.29139,fair value / issuer-history coins,518424674,510179338.0,60944.33091,8245336.0,8371.235362,3.110689484e-09,
BTCO,2024-06-30,2024-06-28,7028.080626,,fair value / price,61929.29139,fair value / issuer-history coins,435244053,332467057.0,47305.52688,102776996.0,7028.080626,-2.214806116e-09,
BTCW,2024-06-30,2024-06-28,1320.481668,,fair value / price,61929.29139,fair value / issuer-history coins,81776494,,,,1320.481668,-1.110327386e-08,
EZBC,2024-06-30,2024-06-28,6023.885412,,fair value / price,61929.29139,fair value / issuer-history coins,373054955,348236796.0,57809.33271,24818159.0,5888.075833,-2.254517975,
FBTC,2024-06-30,2024-06-28,171356.7322,,fair value / price,61929.29139,fair value / issuer-history coins,10612001000,9066924000.0,52912.56365,1545077000.0,171356.7322,-1.717392895e-09,
GBTC,2024-06-30,2024-06-28,275734.9862,275734.9862,tagged,61929.29084,fair value / reported coins,17076072000,3473743000.0,12598.12202,13602329000.0,275734.9862,0.0,
HODL,2024-06-30,2024-06-28,9926.606687,,fair value / price,61929.29139,fair value / issuer-history coins,614747718,601205139.0,60565.02065,13542579.0,9928.762284,0.02171535358,
IBIT,2024-06-30,2024-06-28,314116.5464,,fair value / price,61929.29139,fair value / issuer-history coins,19453015133,17749065590.0,56504.71391,1703949543.0,306987.9321,-2.269417005,
ALL,2024-09-30,2024-09-30,929729.4759,,,,,59006574625,42997789112.0,46247.63464,16008785513.0,,,10.0
ARKB,2024-09-30,2024-09-30,50534.6675,50534.6675,tagged,63464.76246,fair value / reported coins,3207170000,2548333000.0,50427.42193,658837000.0,50534.6675,-1.110223025e-14,
BITB,2024-09-30,2024-09-30,39435.5408,39435.5408,filing text,63464.76246,fair value / reported coins,2502767000,2068421000.0,52450.68175,434346000.0,39435.5408,0.0,
BRRR,2024-09-30,2024-09-30,8977.642524,,fair value / price,63464.76711,fair value / issuer-history coins,569763992,550536777.0,61323.08961,19227215.0,8977.642524,-8.330003354e-10,
BTC,2024-09-30,2024-09-30,33752.36278,33752.36278,tagged,63464.76246,fair value / reported coins,2142086000,2173395000.0,64392.3809,-31309000.0,33752.36278,0.0,
BTCO,2024-09-30,2024-09-30,8141.97183,,fair value / price,63464.76711,fair value / issuer-history coins,516728346,405676080.0,49825.28661,111052266.0,8141.97183,3.619682332e-09,
BTCW,2024-09-30,2024-09-30,3705.4872,3705.4872,filing text,63464.76246,fair value / reported coins,235956643,,,,3705.4872,0.0,
EZBC,2024-09-30,2024-09-30,7103.8488,7103.8488,filing text,63464.76246,fair value / reported coins,452356258,423417042.0,59603.89275,28939216.0,7103.8488,0.0,
FBTC,2024-09-30,2024-09-30,180949.5019,,fair value / price,63464.76711,fair value / issuer-history coins,11483918000,9716506000.0,53697.33487,1767412000.0,180949.5019,-2.602584814e-08,
GBTC,2024-09-30,2024-09-30,221191.3266,221191.3266,tagged,63464.76246,fair value / reported coins,14037855000,2865570000.0,12955.1644,11172285000.0,221191.3266,0.0,
HODL,2024-09-30,2024-09-30,11965.32639,,fair value / price,63464.76711,fair value / issuer-history coins,759376653,734419508.0,61378.97821,24957145.0,11993.72523,0.2373427864,
IBIT,2024-09-30,2024-09-30,367677.2868,,fair value / price,63464.76711,fair value / issuer-history coins,23334553376,21511514705.0,58506.50959,1823038671.0,366461.3052,-0.3307197916,
ALL,2024-12-31,2024-12-31,1121762.201,,,,,104742431320,61956477688.0,55231.38292,42785953632.0,,,10.0
ARKB,2024-12-31,2024-12-31,46607.1028,46607.1028,tagged,93390.21608,fair value / reported coins,4352648000,3077870000.0,66038.6468,1274778000.0,46607.1028,0.0,
BITB,2024-12-31,2024-12-31,40289.1335,40289.1335,filing text,93390.21608,fair value / reported coins,3762723000,2122874000.0,52690.9818,1639849000.0,40289.1335,0.0,
BRRR,2024-12-31,2024-12-31,8849.067351,,fair value / price,93377.78833,fair value / issuer-history coins,826306338,563456383.0,63674.09815,262849955.0,8849.067351,4.360578565e-09,
BTC,2024-12-31,2024-12-31,38012.9113,38012.9113,tagged,93390.21608,fair value / reported coins,3550034000,2660957000.0,70001.39976,889077000.0,38012.9113,0.0,
BTCO,2024-12-31,2024-12-31,7794.030497,,fair value / price,93377.78833,fair value / issuer-history coins,727789330,381198226.0,48908.99851,346591104.0,7794.030497,1.251221349e-10,
BTCW,2024-12-31,2024-12-31,3862.489,3862.489,filing text,93390.21608,fair value / reported coins,360596442,,,,3862.489,0.0,
EZBC,2024-12-31,2024-12-31,7624.5173,7624.5173,filing text,93390.21608,fair value / reported coins,711865807,471560931.0,61847.97181,240304876.0,7624.5173,2.2204460490000003e-14,
FBTC,2024-12-31,2024-12-31,201556.0,201556.0,tagged,93390.21608,fair value / reported coins,18818357000,11468257000.0,56898.61378,7350100000.0,201556.0,0.0,
GBTC,2024-12-31,2024-12-31,205398.8592,205398.8592,tagged,93390.21608,fair value / reported coins,19182244000,2941518000.0,14321.00456,16240726000.0,205398.8592,0.0,
HODL,2024-12-31,2024-12-31,13712.57935,,fair value / price,93377.78833,fair value / issuer-history coins,1280450332,895843577.0,65330.05601,384606755.0,13719.25772,0.04870253143,
IBIT,2024-12-31,2024-12-31,551918.0,551918.0,tagged,93390.21608,fair value / reported coins,51530013513,37372942571.0,67714.66517,14157070942.0,551918.0,-2.2204460490000003e-14,
ALL,2025-03-31,2025-03-31,1123500.163,,,,,92978972393,65001943630.0,57856.63927,27977028763.0,,,10.0
ARKB,2025-03-31,2025-03-31,47501.0671,47501.0671,tagged,82444.2826,fair value / reported coins,3916212000,3548730000.0,74708.42692,367482000.0,47501.0671,0.0,
BITB,2025-03-31,2025-03-31,38003.768,38003.768,filing text,82444.2826,fair value / reported coins,3133221000,1969733000.0,51829.9396,1163488000.0,38003.768,0.0,
BRRR,2025-03-31,2025-03-31,5809.216929,,fair value / price,82693.5048,fair value / issuer-history coins,480384508,399364695.0,68746.73469,81019813.0,5809.170722,-0.000795411247,
BTC,2025-03-31,2025-03-31,40595.0289,40595.0289,tagged,82444.2826,fair value / reported coins,3346810000,2982483000.0,73469.16805,364327000.0,40595.0289,2.2204460490000003e-14,
BTCO,2025-03-31,2025-03-31,5275.749045,,fair value / price,82693.5048,fair value / issuer-history coins,436270179,223623705.0,42387.1005,212646474.0,5275.707081,-0.0007954219082,
BTCW,2025-03-31,2025-03-31,1840.032,1840.032,filing text,82444.2826,fair value / reported coins,152621409,,,,1840.032,0.0,
EZBC,2025-03-31,2025-03-31,4956.3464,4956.3464,filing text,82444.2826,fair value / reported coins,411158674,313983408.0,63349.77071,97175266.0,4956.3464,0.0,
FBTC,2025-03-31,2025-03-31,197557.8982,,fair value / price,82693.5048,fair value / issuer-history coins,16336755000,10975920000.0,55557.99136,5360835000.0,197556.3268,-0.0007953968976,
GBTC,2025-03-31,2025-03-31,193442.2302,193442.2302,tagged,82444.2826,fair value / reported coins,15948122000,2925780000.0,15124.82562,13022342000.0,193442.2302,-1.110223025e-14,
HODL,2025-03-31,2025-03-31,14320.85799,,fair value / price,82693.5048,fair value / issuer-history coins,1184241939,975750516.0,68134.92017,208491423.0,14277.90204,-0.2999537491,
IBIT,2025-03-31,2025-03-31,576038.0,576038.0,tagged,82444.2826,fair value / reported coins,47785797093,40686575306.0,70631.75573,7099221787.0,576038.0,0.0,
ALL,2025-06-30,2025-06-30,1197579.524,,,,,128677096294,75373103873.0,62937.86957,53303992421.0,,,9.0
ARKB,2025-06-30,2025-06-30,46722.8267,46722.8267,tagged,107753.8619,fair value / reported coins,5034561000,,,,46722.8267,0.0,
BITB,2025-06-30,2025-06-30,39518.9512,39518.9512,filing text,107753.8619,fair value / reported coins,4258323000,2154373000.0,54514.93358,2103950000.0,39518.9512,0.0,
BRRR,2025-06-30,2025-06-30,5808.65928,,fair value / price,107753.8619,fair value / issuer-history coins,625905470,414519532.0,71362.34233,211385938.0,5808.65928,-7.831180149e-10,
BTC,2025-06-30,2025-06-30,44025.35564,44025.35564,tagged,107753.8619,fair value / reported coins,4743906000,3326767000.0,75564.79559,1417139000.0,44025.35564,-1.110223025e-14,
BTCO,2025-06-30,2025-06-30,5159.964581,,fair value / price,107753.8619,fair value / issuer-history coins,556006111,228945747.0,44369.63537,327060364.0,5159.964581,-5.201605813e-09,
BTCW,2025-06-30,2025-06-30,1547.3227,1547.3227,filing text,107753.8619,fair value / reported coins,165906168,,,,1547.3227,0.0,
EZBC,2025-06-30,2025-06-30,5155.3659,5155.3659,filing text,107753.8619,fair value / reported coins,559666521,342972348.0,66527.25619,216694173.0,5155.3659,0.0,
FBTC,2025-06-30,2025-06-30,200352.355,,fair value / price,107753.8619,fair value / issuer-history coins,21588740000,11459737000.0,57197.91513,10129003000.0,200352.355,-1.8825419e-08,
GBTC,2025-06-30,2025-06-30,185098.7123,185098.7123,tagged,107753.8619,fair value / reported coins,19945117000,2934730000.0,15854.94552,17010387000.0,185098.7123,0.0,
HODL,2025-06-30,2025-06-30,15585.15988,,fair value / price,107753.8619,fair value / issuer-history coins,1679361166,1134940965.0,72821.90068,544420201.0,15664.00529,0.5059005475,
IBIT,2025-06-30,2025-06-30,696875.0,696875.0,tagged,107753.8619,fair value / reported coins,74720071026,53376118281.0,76593.53296,21343952745.0,696875.0,0.0,
ALL,2025-09-30,2025-09-30,1318757.592,,,,,150764863716,89721923949.0,68035.19048,61042939767.0,,,10.0
ARKB,2025-09-30,2025-09-30,44528.1082,44528.1082,tagged,114401.9883,fair value / reported coins,5093058000,4002365000.0,89884.01174,1090693000.0,44528.1082,0.0,
BITB,2025-09-30,2025-09-30,41086.7391,41086.7391,filing text,114401.9883,fair value / reported coins,4700405000,2332759000.0,56776.44542,2367646000.0,41086.7391,0.0,
BRRR,2025-09-30,2025-09-30,5971.87024,,fair value / price,114300.7524,fair value / issuer-history coins,682589262,436028789.0,73013.77482,246560473.0,5971.87024,-6.155653764e-09,
BTC,2025-09-30,2025-09-30,47736.2418,47736.2418,tagged,114401.9883,fair value / reported coins,5461121000,3780471000.0,79194.98598,1680650000.0,47736.2418,0.0,
BTCO,2025-09-30,2025-09-30,6096.015057,,fair value / price,114300.7524,fair value / issuer-history coins,696779108,333570336.0,54719.40815,363208772.0,6096.015057,-6.646605488e-09,
BTCW,2025-09-30,2025-09-30,1594.0029,1594.0029,filing text,114401.9883,fair value / reported coins,182033442,,,,1594.0029,0.0,
EZBC,2025-09-30,2025-09-30,5789.9639,5789.9639,filing text,114401.9883,fair value / reported coins,661347104,423536877.0,73150.17577,237810227.0,5789.9639,0.0,
FBTC,2025-09-30,2025-09-30,203655.7984,,fair value / price,114300.7524,fair value / issuer-history coins,23278011000,11751741000.0,57703.93522,11526270000.0,203655.7984,-1.005159289e-08,
GBTC,2025-09-30,2025-09-30,176564.2914,176564.2914,tagged,114401.9883,fair value / reported coins,20199306000,2913223000.0,16499.50268,17286083000.0,176564.2914,0.0,
HODL,2025-09-30,2025-09-30,17841.72304,,fair value / price,114300.7524,fair value / issuer-history coins,2039322369,1410812950.0,79073.80618,628509419.0,17856.22946,0.08130612953,
IBIT,2025-09-30,2025-09-30,769486.8405,,fair value / price,114300.7524,fair value / issuer-history coins,87952924873,62337415997.0,81011.6726,25615508876.0,770015.2983,0.06867665128,
ALL,2025-12-31,2025-12-31,1296306.734,,,,,113403212268,90798054302.0,70043.64936,22605157966.0,,,10.0
ARKB,2025-12-31,2025-12-31,37769.3458,37769.3458,tagged,87515.25688,fair value / reported coins,3305394000,3479646000.0,92128.83957,-174252000.0,37769.3458,0.0,
BITB,2025-12-31,2025-12-31,38468.0468,38468.0468,filing text,87515.25688,fair value / reported coins,3367647000,2027005000.0,52693.21342,1340642000.0,38468.0468,0.0,
BRRR,2025-12-31,2025-12-31,5777.744373,,fair value / price,87489.1434,fair value / issuer-history coins,505489906,427528143.0,73995.68333,77961763.0,5777.744373,1.088507062e-09,
BTC,2025-12-31,2025-12-31,48474.93659,48474.93659,tagged,87515.25688,fair value / reported coins,4243952000,3916367000.0,80791.58583,327585000.0,48474.93659,0.0,
BTCO,2025-12-31,2025-12-31,6222.133614,,fair value / price,87489.1434,fair value / issuer-history coins,544369140,330940642.0,53187.64632,213428498.0,6222.133614,7.143730052e-09,
BTCW,2025-12-31,2025-12-31,1598.2538,1598.2538,filing text,87515.25688,fair value / reported coins,139717030,,,,1598.2538,0.0,
EZBC,2025-12-31,2025-12-31,5727.6529,5727.6529,filing text,87515.25688,fair value / reported coins,500957877,426448438.0,74454.30885,74509439.0,5727.6529,-1.110223025e-14,
FBTC,2025-12-31,2025-12-31,201684.0,201684.0,tagged,87515.25688,fair value / reported coins,17639927000,11375981000.0,56404.97511,6263946000.0,201684.0,0.0,
GBTC,2025-12-31,2025-12-31,165591.4961,165591.4961,tagged,87515.25688,fair value / reported coins,14497437000,2841465000.0,17159.48625,11655972000.0,165591.4961,0.0,
HODL,2025-12-31,2025-12-31,15799.37734,,fair value / price,87489.1434,fair value / issuer-history coins,1382273990,1276429195.0,80789.84174,105844795.0,15812.50087,0.08306360666,
IBIT,2025-12-31,2025-12-31,770792.0,770792.0,tagged,87515.25688,fair value / reported coins,67415764355,64696243884.0,83934.76305,2719520471.0,770792.0,0.0,
ALL,2026-03-31,2026-03-31,1287999.7,,,,,87620967602,90708300303.0,70425.71539,-3087332701.0,,,10.0
ARKB,2026-03-31,2026-03-31,35246.5837,35246.5837,tagged,67805.29172,fair value / reported coins,2388764000,3149352000.0,89351.97881,-760588000.0,35246.5837,0.0,
BITB,2026-03-31,2026-03-31,37600.7094,37600.7094,filing text,67805.29172,fair value / reported coins,2549527000,1954307000.0,51975.26938,595220000.0,37600.7094,0.0,
BRRR,2026-03-31,2026-03-31,6325.16759,,fair value / price,67954.49969,fair value / issuer-history coins,429823599,472579121.0,74714.08691,-42755522.0,6325.117319,-0.0007947698966,
BTC,2026-03-31,2026-03-31,51673.03187,51673.03187,tagged,67805.29172,fair value / reported coins,3503705000,4132180000.0,79967.82559,-628475000.0,51673.03187,0.0,
BTCO,2026-03-31,2026-03-31,6729.39567,,fair value / price,67954.49969,fair value / issuer-history coins,457292716,362730052.0,53902.32196,94562664.0,6729.342187,-0.0007947735364,
BTCW,2026-03-31,2026-03-31,2163.126,2163.126,filing text,67805.29172,fair value / reported coins,147304068,,,,2163.126,0.0,
EZBC,2026-03-31,2026-03-31,6302.8336,6302.8336,tagged,67805.29172,fair value / reported coins,429409784,473378477.0,75105.65994,-43968693.0,6302.8336,0.0,
FBTC,2026-03-31,2026-03-31,188629.1424,,fair value / price,67954.49969,fair value / issuer-history coins,12818199000,10388215000.0,55072.16365,2429984000.0,188627.6432,-0.0007947972491,
GBTC,2026-03-31,2026-03-31,154703.8476,154703.8476,tagged,67805.29172,fair value / reported coins,10489739000,2822395000.0,18243.85783,7667344000.0,154703.8476,0.0,
HODL,2026-03-31,2026-03-31,17044.98822,,fair value / price,67954.49969,fair value / issuer-history coins,1158283647,1359554908.0,79762.73671,-201271261.0,17007.64447,-0.2190893432,
IBIT,2026-03-31,2026-03-31,783744.0,783744.0,tagged,67805.29172,fair value / reported coins,53396223856,65593608745.0,83692.64549,-12197384889.0,783744.0,0.0,
ALL,2026-06-30,2026-06-30,1208639.25,,,,,71293672692,84983660786.0,70313.50405,-13689988094.0,,,11.0
ARKB,2026-06-30,2026-06-30,32178.228,32178.228,tagged,58745.18278,fair value / reported coins,1889314000,2737877000.0,85084.76601,-848563000.0,32178.228,0.0,
BITB,2026-06-30,2026-06-30,36207.6919,36207.6919,filing text,58745.18278,fair value / reported coins,2125990000,1891192000.0,52231.77454,234798000.0,36207.6919,0.0,
BRRR,2026-06-30,2026-06-30,5815.152434,,fair value / price,58886.10142,fair value / issuer-history coins,342431656,442207125.0,76043.94382,-99775469.0,5815.106208,-0.0007949290203,
BTC,2026-06-30,2026-06-30,54280.4005,54280.4005,tagged,58745.18278,fair value / reported coins,3188712000,4292046000.0,79071.74524,-1103334000.0,54280.4005,-1.110223025e-14,
BTCO,2026-06-30,2026-06-30,5364.073141,,fair value / price,58886.10142,fair value / issuer-history coins,315869355,232997618.0,43436.69668,82871737.0,5364.030501,-0.0007949227876,
BTCW,2026-06-30,2026-06-30,2309.689,2309.689,filing text,58745.18278,fair value / reported coins,136506043,,,,2309.689,0.0,
EZBC,2026-06-30,2026-06-30,5664.0163,5664.0163,tagged,58745.18278,fair value / reported coins,334751802,424710391.0,74983.96341,-89958589.0,5664.0163,0.0,
FBTC,2026-06-30,2026-06-30,175020.8751,,fair value / price,58886.10142,fair value / issuer-history coins,10306297000,9748371000.0,55698.3331,557926000.0,175019.4838,-0.0007949228343,
GBTC,2026-06-30,2026-06-30,138505.7568,138505.7568,tagged,58745.18278,fair value / reported coins,8136546000,2554268000.0,18441.6017,5582278000.0,138505.7568,0.0,
HODL,2026-06-30,2026-06-30,16282.74791,,fair value / price,58886.10142,fair value / issuer-history coins,958827545,1291666946.0,79327.33178,-332839401.0,16243.87516,-0.2387358076,
IBIT,2026-06-30,2026-06-30,734261.0,734261.0,tagged,58745.18278,fair value / reported coins,43395920710,61003144500.0,83081.00866,-17607223790.0,734261.0,0.0,
MSBT,2026-06-30,2026-06-30,5059.307712,5059.307712,filing text,58745.18278,fair value / reported coins,299012624,365180206.0,72179.87653,-66167582.0,5059.307712,-3.16249249e-09,
