Year,Internet users,global_population
1960,,3021512598.0
1961,,3062768116.0
1962,,3117372187.0
1963,,3184063049.0
1964,,3251249170.0
1965,,3318979339.0
1966,,3389042165.0
1967,,3458932230.0
1968,,3530576858.0
1969,,3604694154.0
1970,,3680493750.0
1971,,3758515396.0
1972,,3834345191.0
1973,,3910964219.0
1974,,3987186772.0
1975,,4061959945.0
1976,,4135644231.0
1977,,4208840894.0
1978,,4283309396.0
1979,,4359930896.0
1980,,4437473406.0
1981,,4516792587.0
1982,,4599385851.0
1983,,4682734714.0
1984,,4765813206.0
1985,,4850494238.0
1986,,4937459951.0
1987,,5026770385.0
1988,,5116898810.0
1989,,5207378374.0
1990,2601283.5,5298962018.0
1991,4270533.5,5388203305.0
1992,6892746.5,5476822930.0
1993,10009239.0,5564459142.0
1994,20460824.0,5650534421.0
1995,39337868.0,5736205135.0
1996,77498790.0,5822327903.0
1997,121025464.0,5908180322.0
1998,188656720.0,5993730786.0
1999,282097730.0,6078069822.0
2000,416202340.0,6161528496.0
2001,503744830.0,6244739668.0
2002,666635970.0,6327171255.0
2003,783017900.0,6409352386.0
2004,915793860.0,6492354627.0
2005,1025763964.524,6575410029.0
2006,1145440195.612,6659536021.0
2007,1362297998.596,6744049498.0
2008,1557258437.676,6830080867.0
2009,1749790553.588,6916168196.0
2010,1988244260.7319999,7000860073.0
2011,2189791579.569,7086704141.0
2012,2389768560.9449997,7176482165.0
2013,2564687872.161,7265404737.0
2014,2750221051.402,7353532223.0
2015,2968992823.6289997,7441084771.0
2016,3282304608.444,7528221579.0
2017,3525184147.265,7613788655.0
2018,3801902905.632,7696159728.0
2019,4191890574.564,7777162476.0
2020,4720171746.539,7853863139.0
2021,5052684380.81,7919567995.0
2022,5352328634.67,7988550201.0
2023,5579543004.564,8062923417.0
2024,5796319036.376,8140897523.0
2025,6046552721.248,8215424893.0
